Rank,Country,Year,Total,C1: Security Apparatus,C2: Factionalized Elites,C3: Group Grievance,E1: Economy,E2: Economic Inequality,E3: Human Flight and Brain Drain,P1: State Legitimacy,P2: Public Services,P3: Human Rights,S1: Demographic Pressures,S2: Refugees and IDPs,X1: External Intervention,Population mid-2018 (millions),"Births per 1,000 Population","Deaths per 1,000 Population",GNI per Capita PPP 2017,Infant Mortality Rate,Number of Records,Percent Urban,Total Fertility Rate
1st,South Sudan,1/1/2017,113.9,10,9.7,9.7,10,8.9,6.4,10,10,9.5,9.9,10,9.8,13,37,11,"1,440",69,1,20,5
2nd,Somalia,1/1/2017,113.4,9.4,10,8.9,8.9,9.3,9.8,9.3,9,9.5,10,10,9.3,15.2,43,11,---,72,1,45,6.3
3rd,Central African Republic,1/1/2017,112.6,9,9.7,9.1,9.1,10,7.5,9.7,10,9.7,9,10,9.8,4.7,36,14,730,85,1,41,4.9
4th,Yemen,1/1/2017,111.1,9.8,9.5,9.3,9.3,8.2,7.3,9.7,9.6,9.7,9.3,9.4,10,28.9,32,6,"2,380",44,1,37,4
5th,Sudan,1/1/2017,110.6,9,9.7,10,8.5,7.4,8.9,9.8,8.9,9.6,9.3,9.8,9.7,41.7,34,8,"4,482",45,1,36,4.7
5th,Syria,1/1/2017,110.6,9.8,9.9,9.8,8.1,7.7,8.4,9.9,9.2,9.8,8.2,9.8,10,18.3,22,6,---,17,1,54,2.9
7th,Congo Democratic Republic,1/1/2017,110,9,9.8,10,8.4,8.4,6.6,9.6,9.5,9.8,9.4,10,9.5,,,,,,1,,
8th,Chad,1/1/2017,109.4,9.4,9.8,8,8.5,9.1,8.8,9.1,9.7,9.1,10,9.6,8.3,15.4,45,13,"1,920",72,1,23,6.4
9th,Afghanistan,1/1/2017,107.3,10,8.6,8.4,8.3,7.5,8.2,9.1,9.9,8.5,9.3,9.8,9.7,36.5,35,7,"2,000",57,1,25,4.8
10th,Iraq,1/1/2017,105.4,10,9.6,9.6,6.6,7.3,7.7,9.5,8.2,8.7,8.6,9.9,9.7,40.2,31,4,"17,010",38,1,70,4.1
11th,Haiti,1/1/2017,105.3,7.7,9.6,6.5,8.7,9.8,8.8,9.7,9.7,7.6,9.5,7.7,10,10.8,25,8,"1,830",59,1,55,3
12th,Guinea,1/1/2017,102.4,8.8,9.6,8.6,9.2,7.7,7.4,9.6,9.5,7.7,8.7,8.2,7.4,11.9,39,11,"2,270",68,1,35,4.8
13th,Nigeria,1/1/2017,101.6,9.2,9.6,9.2,8,8.6,7.2,8.6,9.2,8.9,9.1,7.5,6.5,195.9,39,12,"5,680",67,1,50,5.5
13th,Zimbabwe,1/1/2017,101.6,8.1,9.8,7.3,8.6,8.5,7.9,9.2,8.9,8.2,9.1,8.5,7.5,14,34,10,"1,850",50,1,32,4
15th,Ethiopia,1/1/2017,101.1,8.4,8.7,9.1,7,6.5,7.6,8.2,8.8,9,9.8,9.3,8.7,107.5,33,7,"1,890",40,1,20,4.4
16th,Guinea Bissau,1/1/2017,99.5,8.9,9.6,5.2,8.3,9.1,8.1,9.2,9.4,7.5,8.6,7.3,8.3,,,,,,1,,
17th,Burundi,1/1/2017,98.9,8.8,8.2,7.9,8,7.2,6.3,8.8,8,8.8,9.3,8.6,9,11.8,41,11,770,47,1,13,5.5
17th,Pakistan,1/1/2017,98.9,9.1,8.9,10,6.9,6.5,7.2,8.1,7.7,8,8.4,8.7,9.4,200.6,26,7,"5,830",66,1,37,3.1
19th,Eritrea,1/1/2017,98.1,7.2,8.1,7.1,8.1,7.8,8.3,9.3,8.4,9,8.8,8.3,7.7,6,30,7,"1,500",46,1,40,4.1
20th,Niger,1/1/2017,97.4,8.7,8.9,8,7.5,8.5,7.5,7.3,9.5,6.5,9,7.9,8.1,22.2,48,10,990,60,1,16,7.2
21st,Cote d'Ivoire,1/1/2017,96.5,7.7,9.1,8.1,6.6,8,7.3,7.9,8.7,7.9,8.2,7.8,9.2,24.9,35,12,"3,820",62,1,51,4.6
22nd,Kenya,1/1/2017,96.4,8.3,8.9,8.9,6.9,7.9,7.6,7.6,8,7,8.9,8.3,8.1,51,31,6,"3,250",36,1,32,3.9
23rd,Libya,1/1/2017,96.3,9.6,9.4,8.1,8.5,5.6,6.3,9.5,7,9.1,4.9,8.3,10,6.5,20,5,"19,940",22,1,80,2.3
24th,Uganda,1/1/2017,96,7.1,8.6,8.5,5.5,7.4,7.6,8.6,8.3,7.8,9,9.3,8.3,44.1,41,9,"1,820",43,1,24,5.4
35th,Myanmar,1/1/2017,95.7,8.9,8.3,9.7,5.9,7.7,6.4,8.6,8.5,8.9,6.8,8.7,7.3,53.9,18,8,"5,830",52,1,29,2.3
26th,Cameroon,1/1/2017,95.6,7.9,9.1,8.3,6.6,7.6,7.6,8.4,8.7,7.5,8.1,8,7.8,25.6,36,10,"3,640",52,1,56,4.7
27th,Liberia,1/1/2017,93.8,6.4,8.3,5.8,8.1,8.4,7.2,6.8,9.3,6.5,9,8.7,9.3,4.9,33,8,710,50,1,51,4.2
28th,Mauritania,1/1/2017,93.7,6.9,8.8,7,7.7,6.8,6.9,8,9,7.9,8.7,8,8,4.5,34,8,"3,900",65,1,54,4.6
29th,Congo Republic,1/1/2017,93.4,7.2,6.7,7.2,7,8.1,7.4,8.9,9.5,8.5,8.1,7.7,7.1,,,,,,1,,
30th,North Korea,1/1/2017,93.3,8.3,8.5,5.8,8.9,7.5,4.4,10,8.6,9.4,7.7,4.4,9.8,,,,,,1,,
31st,Mali,1/1/2017,92.9,9,4.9,7.4,7.7,7.4,8.5,6.1,8.8,7.3,8.5,7.9,9.4,19.4,45,10,"2,160",56,1,42,6
32nd,Angola,1/1/2017,91.1,6.5,7.2,7.5,6.4,9.9,6.6,8.6,9.1,7.3,9.5,7.1,5.4,30.4,45,10,"6,060",44,1,63,6.2
33rd,Nepal,1/1/2017,91,6.5,8.8,9.4,7.5,6.7,6.5,7.4,7.2,7.7,8.6,7.8,6.9,29.7,20,6,"2,710",32,1,20,2.3
34th,Rwanda,1/1/2017,90.8,6.2,8,9.4,6,8.3,7.4,7.1,7.4,7.2,8,8.3,7.5,12.6,32,6,"1,990",32,1,19,4.2
35th,Timor-Leste,1/1/2017,90.5,7.2,8.3,6.5,7.9,6.8,7.6,6.9,8.5,5.3,9.7,6.3,9.5,1.2,30,7,"6,330",30,1,31,4.2
36th,Egypt,1/1/2017,89.8,8.1,8.8,8.8,8.2,6,4.7,8.2,4.9,9.8,7.1,7.3,7.9,97,27,6,"11,360",15,1,43,3.4
37th,Gambia,1/1/2017,89.4,6.3,7.8,3.8,8.4,6.9,8.3,8.6,7.8,9.4,8.3,6.8,7,2.2,39,8,"1,670",46,1,61,5.4
38th,Sierra Leone,1/1/2017,89.3,4.3,7.8,6.2,8.6,8.3,8.5,6.9,8.8,5.3,9,7.7,7.9,7.7,33,13,"1,480",84,1,41,4.2
39th,Bangladesh,1/1/2017,89.1,7.6,9.3,8.7,5.8,6.7,7.8,7.8,8.1,7.4,7.5,6.6,5.8,166.4,19,5,"4,040",28,1,37,2.1
40th,Mozambique,1/1/2017,89,6.7,6.6,5.4,8,8.8,8,6.5,9.7,5.6,9.9,5.8,8,30.5,39,10,"1,200",65,1,32,5.3
41st,Djibouti,1/1/2017,88.9,6.5,7.3,6.5,7,7.9,5.4,8.2,7.9,7.8,8.4,7.3,8.7,1,23,8,---,52,1,78,2.9
42nd,Swaziland,1/1/2017,88.8,6.3,6.8,3.4,9.7,8.2,7.2,8.8,8.1,9.1,9.4,4.7,7.1,,,,,,1,,
43rd,Lebanon,1/1/2017,88.2,8.7,9.3,8.5,6.4,5.6,5,7.6,5.7,7.4,5.6,9.3,9.1,6.1,14,5,"14,690",7,1,89,1.7
44th,Burkina Faso,1/1/2017,88,8.4,7.8,4.5,6.3,8.2,7.5,7.1,8.7,6.1,9.3,6.6,7.5,20.3,40,9,"1,810",57,1,29,5.5
44th,Malawi,1/1/2017,88,4.8,8.1,5.6,8.4,8.3,7.9,6.4,8.6,6.2,9.7,5.8,8.2,19.1,34,7,"1,180",42,1,17,4.2
46th,Zambia,1/1/2017,87.8,4.6,6.2,5.9,7.9,9.2,7.9,7.7,7.9,7.4,9.5,6.4,7.2,17.7,39,8,"3,920",49,1,44,5.2
47th,Sri Lanka,1/1/2017,86.6,7.4,8.8,9,5.4,7.1,7.7,6.9,5.1,8.3,6.2,8.4,6.3,21.7,16,6,"12,470",7,1,19,2.1
48th,Papua New Guinea,1/1/2017,86.4,7.2,7.1,6.3,6.1,9.1,7.4,6.8,9,7.6,7.8,5.2,6.8,8.5,29,7,"4,040",46,1,13,3.8
49th,Iran,1/1/2017,85.8,7.5,9.6,9.3,6.4,5.6,6.5,9,4.5,9.5,4.9,6.5,6.5,81.6,19,5,"21,010",5,1,74,2
50th,Cambodia,1/1/2017,85.7,6.7,8.3,6.9,5.7,6.6,7.6,8.3,7.8,7.7,7,5.7,7.4,16,23,6,"3,760",24,1,23,2.6
51st,Equatorial Guinea,1/1/2017,85,6.5,8.2,6.3,6.5,8.7,5.5,9.8,7.9,9.2,7.5,3.9,5,1.3,34,10,"19,380",64,1,71,4.7
52nd,Comoros,1/1/2017,84.8,6.7,8,5.4,8,7.5,7.4,7.3,8.2,6.3,7.3,4.7,8,0.8,33,7,"1,570",55,1,29,4.3
52nd,Solomon Islands,1/1/2017,84.8,5.9,8.2,6.5,7.1,9,6.9,6.8,7.7,5.2,8.5,4.4,8.6,0.7,28,5,"2,270",25,1,24,3.8
54th,Philippines,1/1/2017,84.4,9.7,8,7.9,5.5,5.7,6.5,7,6.7,6.6,7.5,6.9,6.4,107,21,6,"10,030",21,1,47,2.7
55th,Madagascar,1/1/2017,84,7.1,7.8,4.1,7.6,9.1,6.7,7.1,9.1,5.6,9.1,3.9,6.8,26.3,32,6,"1,510",32,1,37,4.1
56th,Togo,1/1/2017,83.9,6.5,7.6,4.6,6.4,8.2,7.5,7.8,8.2,6.7,7.8,6.6,6,8,34,9,"1,620",52,1,42,4.5
57th,Guatemala,1/1/2017,83.1,7.6,7.1,8.5,5.5,8.1,7.3,6.5,7.5,7.2,7,5.6,5.2,17.2,24,5,"8,000",28,1,51,2.8
58th,Venezuela,1/1/2017,82.9,7.3,8.2,7.2,7.3,6.7,5.5,8.5,7.7,8.9,5.6,4.6,5.4,31.8,19,5,"17,440",12.5,1,88,2.4
59th,Laos,1/1/2017,82.4,5.5,8.3,6.6,5.2,6.6,7.7,9.1,7,7.9,7.3,5.1,6.1,7,24,7,"6,650",42,1,35,2.7
60th,Senegal,1/1/2017,82.3,6.2,6.6,6.4,7.4,7.4,8,4.7,7.5,6,8.1,7.3,6.7,16.3,33,6,"2,620",42,1,46,4.6
61st,Tajikistan,1/1/2017,81.8,6.7,8.4,7.4,7.3,4.8,6.2,9.1,5.6,8.2,7.9,4.3,5.9,9.1,33,5,"3,670",27,1,27,3.8
62nd,Lesotho,1/1/2017,81.7,6.2,7.3,3.9,8.1,8.1,8,5.9,8.1,5,8.5,4.8,7.8,2.3,29,13,"3,510",59,1,28,3.3
63rd,Uzbekistan,1/1/2017,81.5,7.1,8.8,7.1,6.3,6.9,6,9.5,4.9,9.2,5.6,5.5,4.6,32.9,22,5,"7,130",11,1,51,2.5
64th,Turkey,1/1/2017,80.8,8.3,9.1,10,4.6,5.7,3.9,7.6,4.4,7.7,4.9,9.2,5.4,81.3,16,5,"27,550",9,1,75,2.1
65th,Tanzania,1/1/2017,80.3,5.5,5.7,5.2,6.2,7.1,7.6,5.9,8.6,5.9,8.7,6.7,7.2,59.1,39,7,"2,916",43,1,34,5.2
65th,Kyrgyz Republic,1/1/2017,80.3,6.5,8,8.4,7,5.9,7,7.7,5.1,7.5,5.5,5.3,6.4,,,,,,1,,
67th,Russia,1/1/2017,79.2,8.9,8.1,8.8,5.2,6.2,4,8.5,4.2,9.2,4.6,5.8,5.7,147.3,12,12,"24,893",5.5,1,74,1.6
68th,Honduras,1/1/2017,79.1,7.3,6.8,5.9,6.4,7.7,6.4,6.8,6.8,6.9,6.3,4.3,7.5,9,22,5,"4,630",25,1,54,2.5
69th,Colombia,1/1/2017,78.9,6.9,7.6,7.3,4.2,7.6,6.2,6.3,5.9,7,6.2,7.7,6,49.8,15,6,"14,170",14,1,77,2
69th,Israel and West Bank,1/1/2017,78.9,6.9,8.1,10,3.8,6.8,3.8,6.4,4.8,7.5,6,7.3,7.5,,,,,,1,,
71st,Jordan,1/1/2017,78.7,5.7,6.9,8,6.4,5.4,4.2,6.3,4.2,7.9,6.5,9.6,7.6,10.2,24,3,"9,110",15,1,90,3.2
72nd,India,1/1/2017,77.9,7.4,7.3,8.3,5.1,7,6.1,4.7,7.4,6,7.9,5.3,5.4,1371.3,20,6,"7,060",34,1,34,2.3
73rd,Benin,1/1/2017,77.6,6.2,6.7,3.4,6.6,7.6,7.4,5.4,8.7,5.2,8.3,5.5,6.6,11.5,37,9,"2,260",63,1,45,5
74th,Nicaragua,1/1/2017,77.4,5.6,7.1,6.5,5.7,8,8.1,7.9,6.7,5.2,5.3,4,7.3,6.3,20,5,"5,680",18,1,59,2.2
75th,Ecuador,1/1/2017,77.3,6.8,8.2,7.3,6,6.7,5.8,6.5,6.5,5,6.5,5.7,6.3,17,20,5,"11,350",19,1,64,2.5
76th,Fiji,1/1/2017,76.9,7.1,7.9,6.9,6.5,6.3,8.2,6.9,5,6.9,4.9,3.1,7.2,0.9,18,7,"9,090",14,1,56,2.3
77th,Algeria,1/1/2017,76.8,7.2,7.1,7.1,6.6,6.6,5.8,6.9,6,6.6,5.2,6.8,4.9,42.7,26,4,"15,050",22,1,73,3.1
77th,Bolivia,1/1/2017,76.8,6.5,8,6,5.4,8.6,7,6.5,6.8,6,6.3,3.9,5.8,11.3,23,7,"7,330",37,1,69,2.9
79th,Georgia,1/1/2017,76.5,6.8,9.1,7.9,5.5,5.5,4.9,8.3,4.3,5.6,3.7,7.5,7.4,3.9,14,13,"10,120",10,1,58,2.1
80th,Micronesia,1/1/2017,76.4,4.6,5.6,4,8.8,8.3,9.8,5.5,6,3.3,7.1,3.9,9.5,,,,,,1,,
81st,Azerbaijan,1/1/2017,76.3,6.2,7.9,6.5,4.1,5.9,4.3,8.8,5.4,8.5,4.6,7.7,6.4,9.9,15,6,"16,650",11,1,53,1.9
82nd,Thailand,1/1/2017,76.2,9,9.4,8.5,3.3,5.3,4.7,7.5,4.4,8,6.4,5.9,3.8,66.2,11,8,"17,090",10,1,50,1.5
83rd,Bhutan,1/1/2017,76,4.5,7.5,7.9,4.7,6.1,7.2,4.3,6.1,6.6,6.1,7,8,0.8,18,6,"8,850",26,1,39,2.1
84th,Morocco,1/1/2017,74.9,5.8,6.6,7.7,4.8,6.2,8.2,6.7,5.2,6.8,4.8,6.1,6,35.2,18,5,"8,063",22,1,62,2.2
85th,China,1/1/2017,74.7,5.9,7.2,7.9,4.4,7.3,4.9,8.6,5.7,8.5,6.7,4.9,2.7,1393.8,12,7,"16,760",10,1,59,1.8
86th,Turkmenistan,1/1/2017,74.4,6.3,7.8,6.6,4.9,6.7,5.1,9.7,5.6,8.7,5.4,3.5,4.1,5.9,26,7,"17,320",44,1,52,3.2
86th,Maldives,1/1/2017,74.4,6.4,8,4.8,5.9,3.6,6.2,8.5,5.6,8.2,6,4.7,6.5,0.4,20,3,"15,350",8,1,39,2.4
88th,Mexico,1/1/2017,74.3,8.4,5.4,7.2,4.9,6.1,5.8,6.5,6.8,6.5,6.1,5.1,5.5,130.8,19,6,"17,740",17,1,73,2.2
89th,Tunisia,1/1/2017,74.2,8.3,7.8,7.7,6.7,4.9,6.1,6.5,4.4,6.5,4.2,4.7,6.4,11.6,19,6,"11,490",15,1,68,2.3
90th,Ukraine,1/1/2017,74,7.6,8,6.7,6.8,4.2,5.2,8.2,3.7,6.2,4.2,4.6,8.6,42.3,9,14,"8,900",7.7,1,70,1.3
91st,Gabon,1/1/2017,73.8,5.2,7.4,3.8,5.5,6.5,6.1,8.2,6.7,7.5,6.7,4.5,5.7,2.1,29,8,"17,010",37,1,89,3.8
92nd,El Salvador,1/1/2017,73.1,7.3,4.3,6.7,5.4,6.4,7.9,4.8,6.4,6.3,6.9,4.8,5.9,6.5,20,7,"7,540",17,1,70,2.3
93rd,Bosnia and Herzegovina,1/1/2017,73,5.7,8.7,7,5.7,5.1,5.5,6.5,3.6,5.6,3.8,7.6,8.2,,,,,,1,,
94th,Indonesia,1/1/2017,72.9,6.2,7,7.1,4.5,5.8,6.9,5.1,5.9,7.2,6.6,5.4,5.2,265.2,19,7,"11,900",22,1,54,2.4
95th,Belarus,1/1/2017,72.4,6.1,8.3,7.1,6,4.7,3.4,8.7,4.2,7.9,5.1,3.6,7.3,9.5,11,13,"18,140",3.2,1,78,1.5
96th,South Africa,1/1/2017,72.3,6.1,6.1,6.7,7.1,7.5,5.5,6.5,7,4.2,7.2,5.4,3,57.7,21,9,"13,090",36,1,66,2.4
97th,Sao Tome and Principe,1/1/2017,72.1,5,6.3,4.5,8.5,6,8.5,5.6,5.9,3.3,6.2,4.4,7.9,0.2,33,7,"3,370",38,1,73,4.4
98th,Moldova,1/1/2017,72,6.1,8.3,7.3,6.4,4.8,6.6,6.6,4.9,4.9,4.8,3.9,7.4,3.5,11,11,"6,060",9,1,43,1.3
99th,Paraguay,1/1/2017,71.6,6.6,7.8,5.8,5,7.9,5.8,7,6.2,5.9,5.7,3.1,4.8,6.9,21,6,"9,180",17,1,61,2.5
100th,Guyana,1/1/2017,71.3,6.4,5.1,6.7,6,5.7,9.4,5.4,6.2,3.5,5.8,3.8,7.3,0.8,21,8,"8,120",31,1,27,2.5
101st,Saudi Arabia,1/1/2017,71.2,6.3,8.2,7.8,4.5,5,3.8,8,3.8,9.1,5.3,4.7,4.7,33.4,17,3,"54,770",12,1,84,2.4
102nd,Armenia,1/1/2017,71,5.5,7.4,6.1,6.3,4.5,6.2,7.6,3.6,7,3.1,7,6.7,3,13,9,"10,060",8,1,64,1.6
103rd,Namibia,1/1/2017,70.4,5.5,3.5,5.8,6.8,8.2,7.1,3.3,7.4,3.8,7.6,5,6.4,2.5,28,8,"10,320",36,1,48,3.4
104th,Peru,1/1/2017,70.3,7.1,6.9,7.4,3.2,7.4,7.3,7.2,6.7,4.3,5,4.3,3.5,32.2,19,6,"12,890",16,1,78,2.4
105th,Vietnam,1/1/2017,70.2,4.6,6.9,6,5.1,5,6.2,8.3,4.7,7.4,6.1,4.7,5.2,94.7,16,7,"6,450",15,1,35,2.1
106th,Cape Verde,1/1/2017,70.1,5.4,5.5,4.1,5.2,7.1,8,5.3,6,4,7.2,4.2,8.1,0.6,19,5,"6,570",21,1,66,2.2
107th,Serbia,1/1/2017,70,5.5,8,7.3,6.4,4.8,5.3,5.2,4.2,4.4,4.3,8.4,6.2,7,9,14,"14,040",5.4,1,60,1.5
108th,Ghana,1/1/2017,69.7,3.8,5.2,4.4,6.1,6.6,8.2,4.2,7.8,5.1,6.6,5,6.7,29.5,30,8,"4,490",37,1,56,3.9
109th,Dominican Republic,1/1/2017,69,5.8,6.2,5.8,5.5,5.8,7.1,5.5,6.3,5.8,6.5,3.3,5.4,10.8,20,6,"15,290",31,1,80,2.5
110th,Brazil,1/1/2017,68.2,6.7,4.9,6.2,4.8,7.8,4.6,6.2,6.4,6.4,8.1,2.8,3.3,209.4,14,6,"15,160",11,1,86,1.7
111th,Samoa,1/1/2017,67.1,4.7,5.1,4.5,6.3,4.9,9.5,5.5,4.9,4.1,5.7,2.7,9.2,0.2,25,4,"6,390",14,1,19,3.8
112th,Macedonia,1/1/2017,66.1,5.6,7.3,6.9,5.8,5.2,5.2,5.8,3.9,3.8,3.3,7.3,6,2.1,11,10,"14,590",9,1,58,1.4
113th,Suriname,1/1/2017,65.9,4.9,5.8,5.8,7.1,6.1,6.8,5,5.6,4.6,5.3,3,5.9,0.6,18,7,"14,290",16,1,66,2.4
113th,Kazakhstan,1/1/2017,65.9,5.2,7.6,7.6,6.4,4.2,3.6,8.3,4,7.3,4.5,3,4.2,18.4,23,7,"23,440",9,1,57,3
115th,Belize,1/1/2017,65.5,6.4,4.3,4.1,6.7,5.4,6.6,5.2,5.9,4.7,5.1,3.6,7.5,0.4,23,5,"7,890",9,1,45,2.6
116th,Malaysia,1/1/2017,65.4,6.3,6.8,6.5,3.1,5,5,7.7,4.2,8,5.3,3.7,3.8,32.5,16,5,"28,650",7,1,75,1.9
117th,Jamaica,1/1/2017,65.2,6.9,3.7,3.4,6.9,5.1,8.4,4.8,6.4,5.5,5.2,3.1,5.8,2.9,17,7,"8,690",14,1,56,2
118th,Bahrain,1/1/2017,64.9,6.9,7.6,8.4,3.8,4.6,3.5,8.2,1.8,8.8,4.1,2.4,4.8,1.5,14,2,"42,930",6,1,89,1.9
119th,Cuba,1/1/2017,64.6,5.2,7,4,4,5.4,5.2,7.6,4.1,7.5,5.5,4,5.1,11.1,10,9,---,4.3,1,77,1.6
120th,Botswana,1/1/2017,63.8,4.1,3.3,4.9,5.8,7.8,5.5,3.3,7.3,5,8.2,4.5,4.1,2.2,22,10,"16,990",31,1,70,2.6
121st,Cyprus,1/1/2017,62.6,4.4,7.9,6.3,6,5.9,4,4.8,2.5,3,3.5,5.3,9,1.2,11,6,"33,609",3,1,68,1.4
122nd,Brunei Darussalam,1/1/2017,61.6,5.1,7.4,5.9,3.5,7.8,4.6,8.3,1.8,7.7,3.7,2.2,3.6,,,,,,1,,
123rd,Grenada,1/1/2017,61.5,5.7,5.6,3.8,6,4.8,8.4,5.4,3.8,3.2,4.7,3,7.1,0.1,16,9,"14,410",19,1,36,2.1
124th,Albania,1/1/2017,60.5,4.7,6.2,4.5,5.4,3.6,7.6,5.7,4,4.8,3.7,3.6,6.7,2.9,11,8,"12,120",8,1,60,1.6
125th,Seychelles,1/1/2017,59.4,6.1,6,4.5,4.1,5.5,5.9,5.5,2.7,3.8,5.1,3.2,7,0.1,17,8,"26,860",13.4,1,57,2.4
126th,Kuwait,1/1/2017,58.5,4.2,7.8,4.7,3,4.2,3.6,7.2,2.6,7.9,5,3.5,4.8,4.2,14,2,"83,310",8,1,100,1.5
127th,Greece,1/1/2017,57.5,4.5,4.1,5.4,6.5,3.7,3.3,6.7,3.8,3.2,3.7,6.5,6.1,10.6,9,11,"27,820",4.2,1,79,1.3
128th,Trinidad and Tobago,1/1/2017,56.7,6.3,5.6,4.2,4.4,4.9,8.1,4.5,4.3,4.1,4.5,2.7,3.1,1.4,13,8,"30,520",13,1,53,1.6
128th,Mongolia,1/1/2017,56.7,3.6,5.5,3.8,5,6.4,3.3,4,5.4,4.5,5.1,3,7.1,3.2,24,6,"11,170",13,1,68,2.8
130th,Montenegro,1/1/2017,55.7,4,6.5,7.9,5.2,2.4,4,4.6,3.1,4.1,2.8,4.6,6.5,0.6,12,11,"19,150",2.3,1,67,1.8
131st,Antigua and Barbuda,1/1/2017,54.8,5.7,3.7,3.9,4.5,4.5,6.8,5.4,3.8,4.4,4.1,2.7,5.3,0.1,15,6,"22,980",8,1,25,1.9
132nd,Bulgaria,1/1/2017,53.7,4.3,5.3,5.1,5.7,4.4,4.2,4.5,4.4,3.3,3.7,4.5,4.3,7,9,16,"20,500",6.4,1,73,1.6
133rd,Oman,1/1/2017,52.5,4.2,6.6,2.9,4.1,4.6,2.5,6.8,3.5,7.7,4.8,2.5,2.3,4.7,20,2,"40,240",9,1,85,2.9
134th,Bahamas,1/1/2017,52.4,4.6,4.5,4.1,4.8,4.5,4.7,3.8,4.6,3.6,6.9,2.6,3.7,0.4,13,6,"29,790",8,1,83,1.6
135th,Hungary,1/1/2017,52,2.7,5.3,4.8,5.4,3.8,3.3,6.1,3.2,5.2,1.8,6.5,3.9,9.8,9,14,"27,220",3.6,1,71,1.5
136th,Romania,1/1/2017,50.9,3,5.4,6.8,4.7,4.2,4.5,5.2,3.8,3.7,3.2,2.8,3.6,19.5,10,13,"25,150",7.1,1,54,1.4
137th,Panama,1/1/2017,50.7,5.4,2.2,5.6,2.6,7.4,4.6,3.2,4.8,4.3,4.9,3,2.7,4.2,19,5,"21,890",14,1,69,2.4
138th,Croatia,1/1/2017,50.6,3.5,4.4,5.8,5.3,3.3,4.7,2.9,2.4,3.6,3.1,7,4.6,4.1,9,12,"24,700",4.3,1,57,1.4
139th,Barbados,1/1/2017,49.6,4.4,4.2,4.1,5.9,4.6,5.4,2.5,2.7,2.9,4.4,2.5,6,0.3,11,9,"17,830",9,1,31,1.6
140th,Argentina,1/1/2017,48.2,4.3,2.8,5,4.3,5.4,3,4.8,3.8,4.1,3.8,2.3,4.6,44.5,17,8,"20,270",10.1,1,92,2.3
141st,Latvia,1/1/2017,46.4,3,4.3,8,3.5,4.1,4.8,3.4,2.9,2.8,2.9,2.8,3.9,1.9,11,15,"27,400",4.1,1,68,1.7
142nd,Italy,1/1/2017,45.2,4.5,4.9,4.8,5.4,2.9,2,3.7,2.7,2,4.3,5.5,2.5,60.6,8,11,"40,030",2.9,1,70,1.3
143rd,Estonia,1/1/2017,44.7,3.3,5.9,7.3,3.5,3.2,4,2.7,2.9,1.7,2.8,3.1,4.3,1.3,10,12,"31,000",2.4,1,69,1.6
144th,Slovak Republic,1/1/2017,44.3,1.8,4.7,6.9,4.6,3.5,4.2,4.3,2.4,2.5,2.3,3.8,3.3,,,,,,1,,
145th,Costa Rica,1/1/2017,44.1,3.6,3.8,4.2,4,5.3,4.1,2.4,3.9,1.5,3.3,3.9,4.1,5,14,5,"16,100",8,1,73,1.7
146th,Qatar,1/1/2017,44,2.6,5,4.6,2.1,4.7,2.6,6.3,1.3,6.3,3.8,2,2.7,2.7,10,1,"128,060",6,1,100,1.9
147th,United Arab Emirates,1/1/2017,43.7,3.1,3.6,3.4,2.4,3.4,2.5,6.7,2.2,7.8,4,2.2,2.4,9.5,10,2,"74,410",6,1,87,1.8
148th,Mauritius,1/1/2017,41.7,2.3,3.2,3.6,4,3.5,4.4,3,3.3,3.4,3.6,2.7,4.7,1.3,11,8,"22,570",11.8,1,41,1.4
148th,Lithuania,1/1/2017,41.7,3.1,3,4.4,4.5,4.5,4.4,2.7,3.5,2.5,2.8,2.3,4,2.8,10,14,"31,030",4.5,1,67,1.6
150th,Chile,1/1/2017,41.1,3.2,2.2,3.6,3.2,5.7,3.8,3.3,4,3,4.9,2.1,2.1,18.6,14,6,"23,150",6.9,1,87,1.8
151st,Poland,1/1/2017,40.8,1.8,4.2,5.4,3.6,3,4.5,3.3,2.3,3.2,3,3.6,2.9,38.4,11,11,"28,170",4,1,60,1.4
152nd,Czech Republic,1/1/2017,40.1,2.6,5,4.8,4.6,2.7,2.8,4.7,2.6,2.4,1.4,3.8,2.7,,,,,,1,,
153rd,Malta,1/1/2017,38.6,3.6,2,3.9,4,2.6,3.7,3.6,2,3,2.5,4.4,3.3,0.5,10,7,"36,740",7.4,1,95,1.4
154th,South Korea,1/1/2017,38.1,2.1,4.3,2.9,2,3,3.9,4.4,1.9,2.9,3.1,2,5.6,,,,,,1,,
155th,Spain,1/1/2017,37.9,2.8,6.3,5.7,5.2,3.5,1.9,2.8,2.2,1.8,2,1.9,1.8,46.7,8,9,"38,090",2.8,1,80,1.3
156th,Japan,1/1/2017,37.4,1.6,2.6,3.7,4.1,1.6,3.2,1.2,2.2,3,6,4.4,3.8,126.5,8,11,"45,470",2,1,92,1.4
157th,Uruguay,1/1/2017,36.8,3.8,2.7,2.5,3.6,4.1,4.4,1,2.9,2.8,3.8,2.5,2.7,3.5,14,9,"21,870",11.5,1,95,2
158th,United States,1/1/2017,35.6,3.2,5.3,6,2.4,4.3,1.7,1.9,1.6,3.2,2.8,2,1.2,328,12,9,"60,200",5.6,1,82,1.8
159th,France,1/1/2017,33.5,3.3,1.9,7,4.3,3.2,2.2,1.3,1.1,2.1,2.8,2.5,1.8,65.1,11,9,"43,720",3.6,1,80,1.9
160th,United Kingdom,1/1/2017,33.2,2.7,4.5,6.4,3.6,3.6,2.1,1.5,1.6,1.7,2.4,2.1,1,66.4,12,9,"43,160",3.9,1,83,1.8
161st,Singapore,1/1/2017,32.5,1.6,4,2.6,2,3.8,3.3,3.9,1.3,4.6,2.5,1.7,1.2,5.8,9,5,"90,570",2.2,1,100,1.2
162nd,Slovenia,1/1/2017,32.4,1.6,1.7,4.5,3.8,3.4,3.1,2.7,1.5,1.5,2.3,4,2.3,2.1,10,10,"33,910",1.8,1,55,1.6
163rd,Belgium,1/1/2017,30.8,2.4,4.4,4.9,4.2,2.7,1.6,1.4,2.3,1.5,2,2.4,1,11.4,10,10,"47,960",3.3,1,98,1.6
164th,Portugal,1/1/2017,29,1.3,2.5,2.5,5.3,2.5,2.2,1.6,2.2,1.8,2.1,2.2,2.8,10.3,8,11,"31,490",2.6,1,65,1.4
165th,Germany,1/1/2017,28.1,2.1,2.3,5,2.2,2.8,2.1,1,1.1,1.1,2,5.4,1,82.8,9,11,"51,760",3.3,1,77,1.6
166th,Austria,1/1/2017,27.7,1,3.2,4.5,2.2,2.9,1.5,1.4,1.1,1.2,1.9,5.6,1.2,8.8,10,9,"52,660",2.9,1,58,1.5
167th,Netherlands,1/1/2017,27.4,1.5,3.1,4.5,2.7,2.2,2.6,1.3,1,1,2.5,3.8,1.2,17.2,10,9,"52,640",3.5,1,92,1.6
168th,Luxembourg,1/1/2017,23.4,1.7,3.4,3.1,1.2,1.6,2.1,1,2.1,1,1.6,3.5,1.1,0.6,10,7,"72,640",3.3,1,91,1.4
170th,New Zealand,1/1/2017,22.6,1.2,1.4,3.6,3.6,2.3,2.1,0.9,1.4,1,2.1,1.8,1.2,4.9,12,7,"39,560",3.9,1,86,1.8
169th,Canada,1/1/2017,22.6,2.2,2.5,3.4,1.8,2.5,1.7,1,1.5,1.3,1.9,1.8,1,37.2,11,8,"45,750",4.5,1,81,1.5
171st,Iceland,1/1/2017,22.5,1,1.8,1.3,3.3,1.1,2.8,1.3,1.2,1,1.6,2,4.1,0.4,12,7,"53,640",2.7,1,94,1.7
172nd,Ireland,1/1/2017,22.3,2.1,1.5,1.4,3.4,2.2,2.8,1,1.4,1.4,1.7,2,1.4,4.9,13,6,"62,440",2.8,1,63,1.8
172nd,Australia,1/1/2017,22.3,2.1,1.7,3.9,1.7,2.2,1.3,1,1.5,2.3,1.3,2.3,1,24.1,13,7,"45,780",3.4,1,86,1.7
174th,Sweden,1/1/2017,22.1,2.1,1.8,1.5,1.8,1.8,1.5,1,1.1,1.1,2,5.3,1.1,10.2,11,9,"50,840",2.5,1,87,1.8
175th,Denmark,1/1/2017,21.5,1.7,1.4,4.4,2,1.6,1.9,0.9,1,1.5,2,2.1,1,5.8,11,9,"51,560",3.8,1,88,1.8
176th,Switzerland,1/1/2017,21.1,1.1,1,3.6,2.3,2.2,2.1,1,1,1.8,1.5,2.5,1,8.5,10,8,"65,910",3.5,1,85,1.5
177th,Norway,1/1/2017,20.5,2,1.1,3.6,2.2,1.5,1.6,0.8,1,1.1,1.5,2.8,1.3,5.3,11,8,"63,530",2.3,1,81,1.6
178th,Finland,1/1/2017,18.7,1.7,1.1,1.8,3.5,1,2.3,0.9,1,1,1.1,2.3,1,5.5,9,10,"45,730",2,1,71,1.5
